Tanggal;Kurs_Penutupan_USD_IDR;Log_Return
4/1/2021 23:58:00;14553;NA
4/2/2021 23:58:00;14523,9;-0,00200159
4/5/2021 23:58:00;14529,2;0,000364849
4/6/2021 23:58:00;14460,3;-0,004753454
4/7/2021 23:58:00;14641;0,012418849
4/8/2021 23:58:00;14660,7;0,001344632
4/9/2021 23:58:00;14609,4;-0,003505287
4/12/2021 23:58:00;14611,9;0,000171108
4/13/2021 23:58:00;14621,1;0,000629426
4/14/2021 23:58:00;14673,8;0,0035979
4/15/2021 23:58:00;14616;-0,003946772
4/16/2021 23:58:00;14526,4;-0,006149135
4/19/2021 23:58:00;14570;0,002996937
4/20/2021 23:58:00;14543,2;-0,00184109
4/21/2021 23:58:00;14564,2;0,001442932
4/22/2021 23:58:00;14606,6;0,002907019
4/23/2021 23:58:00;14510,7;-0,006587173
4/26/2021 23:58:00;14459,6;-0,003527754
4/27/2021 23:58:00;14516,4;0,003920491
4/28/2021 23:58:00;14519;0,000179092
4/29/2021 23:58:00;14439,7;-0,005476779
4/30/2021 23:58:00;14434,2;-0,000380967
5/3/2021 23:58:00;14399,1;-0,002434686
5/4/2021 23:58:00;14482,5;0,005775319
5/5/2021 23:58:00;14399,5;-0,00574754
5/6/2021 23:58:00;14283,8;-0,008067456
5/7/2021 23:58:00;14129,5;-0,010861218
5/10/2021 23:58:00;14189,6;0,004244492
5/11/2021 23:58:00;14220;0,002140122
5/12/2021 23:58:00;14347;0,008891437
5/13/2021 23:58:00;14300,3;-0,003260345
5/14/2021 23:58:00;14275,1;-0,001763755
5/17/2021 23:58:00;14344,5;0,004849833
5/18/2021 23:58:00;14362,3;0,001240124
5/19/2021 23:58:00;14389,7;0,001905955
5/20/2021 23:58:00;14397,3;0,000528016
5/21/2021 23:58:00;14364,9;-0,002252958
5/24/2021 23:58:00;14365;6,96139E-06
5/25/2021 23:58:00;14371,4;0,000445428
5/26/2021 23:58:00;14310;-0,004281527
5/27/2021 23:58:00;14318;0,000558893
5/28/2021 23:58:00;14301,4;-0,001160052
5/31/2021 23:58:00;14247,5;-0,003775982
6/1/2021 23:58:00;14251,5;0,000280712
6/2/2021 23:58:00;14290,7;0,002746812
6/3/2021 23:58:00;14360;0,004837588
6/4/2021 23:58:00;14245,7;-0,007991457
6/7/2021 23:58:00;14246,5;5,61557E-05
6/8/2021 23:58:00;14281;0,00241872
6/9/2021 23:58:00;14300;0,001329555
6/10/2021 23:58:00;14248,5;-0,003607899
6/11/2021 23:58:00;14203,5;-0,003163225
6/14/2021 23:58:00;14267,5;0,00449581
6/15/2021 23:58:00;14280,3;0,000896742
6/16/2021 23:58:00;14466,5;0,012954667
6/17/2021 23:58:00;14554,7;0,006078334
6/18/2021 23:58:00;14484,5;-0,004834853
6/21/2021 23:58:00;14388,8;-0,006628986
6/22/2021 23:58:00;14495;0,007353636
6/23/2021 23:58:00;14413,3;-0,005652371
6/24/2021 23:58:00;14511,2;0,006769374
6/25/2021 23:58:00;14455;-0,00388039
6/28/2021 23:58:00;14525;0,004830927
6/29/2021 23:58:00;14629,1;0,007141393
6/30/2021 23:58:00;14601,6;-0,001881584
7/1/2021 23:58:00;14581,4;-0,001384368
7/2/2021 23:58:00;14458,9;-0,008436602
7/5/2021 23:58:00;14495;0,00249362
7/6/2021 23:58:00;14568,7;0,005071629
7/7/2021 23:58:00;14569,2;3,43196E-05
7/8/2021 23:58:00;14618,7;0,00339182
7/9/2021 23:58:00;14482,6;-0,009353602
7/12/2021 23:58:00;14558,5;0,005227087
7/13/2021 23:58:00;14542,1;-0,001127125
7/14/2021 23:58:00;14473;-0,004763046
7/15/2021 23:58:00;14563;0,006199221
7/16/2021 23:58:00;14492,1;-0,004880392
7/19/2021 23:58:00;14664,5;0,011825934
7/20/2021 23:58:00;14620;-0,003039153
7/21/2021 23:58:00;14536;-0,005762123
7/22/2021 23:58:00;14548,7;0,000873311
7/23/2021 23:58:00;14475;-0,005078619
7/26/2021 23:58:00;14523,5;0,003345004
7/27/2021 23:58:00;14554;0,002097843
7/28/2021 23:58:00;14462,6;-0,006299863
7/29/2021 23:58:00;14450;-0,000871592
7/30/2021 23:58:00;14419,7;-0,002099087
8/2/2021 23:58:00;14397,4;-0,001547692
8/3/2021 23:58:00;14349,5;-0,003332536
8/4/2021 23:58:00;14338,6;-0,000759897
8/5/2021 23:58:00;14385,5;0,003265553
8/6/2021 23:58:00;14433;0,003296497
8/9/2021 23:58:00;14402,1;-0,002143222
8/10/2021 23:58:00;14393,1;-0,000625104
8/11/2021 23:58:00;14395;0,000131999
8/12/2021 23:58:00;14341;-0,003758356
8/13/2021 23:58:00;14363,7;0,001581623
8/16/2021 23:58:00;14363;-4,87351E-05
8/17/2021 23:58:00;14425,1;0,004314289
8/18/2021 23:58:00;14454,2;0,002015285
8/19/2021 23:58:00;14493,4;0,002708344
8/20/2021 23:58:00;14400,7;-0,006416557
8/23/2021 23:58:00;14430;0,002032556
8/24/2021 23:58:00;14448,7;0,001295072
8/25/2021 23:58:00;14465,7;0,001175885
8/26/2021 23:58:00;14449,3;-0,001134359
8/27/2021 23:58:00;14318,1;-0,009121499
8/30/2021 23:58:00;14362;0,003061359
8/31/2021 23:58:00;14246,5;-0,008074567
9/1/2021 23:58:00;14269,2;0,001592106
9/2/2021 23:58:00;14245,5;-0,001662301
9/3/2021 23:58:00;14251,5;0,000421097
9/6/2021 23:58:00;14231,4;-0,001411373
9/7/2021 23:58:00;14279,2;0,003353142
9/8/2021 23:58:00;14326,4;0,003300056
9/9/2021 23:58:00;14258,8;-0,004729729
9/10/2021 23:58:00;14258,2;-4,20802E-05
9/13/2021 23:58:00;14291,6;0,002339772
9/14/2021 23:58:00;14249,7;-0,002936098
9/15/2021 23:58:00;14264,5;0,001038079
9/16/2021 23:58:00;14283,9;0,001359096
9/17/2021 23:58:00;14263,3;-0,001443224
9/20/2021 23:58:00;14320,5;0,004002272
9/21/2021 23:58:00;14237,5;-0,005812748
9/22/2021 23:58:00;14279,2;0,002924604
9/23/2021 23:58:00;14286,5;0,000511102
9/24/2021 23:58:00;14283,7;-0,000196008
9/27/2021 23:58:00;14242,5;-0,002888575
9/28/2021 23:58:00;14318,6;0,005328939
9/29/2021 23:58:00;14385;0,004626606
9/30/2021 23:58:00;14328,6;-0,003928457
10/1/2021 23:58:00;14272,1;-0,003950957
10/4/2021 23:58:00;14300,5;0,001987919
10/5/2021 23:58:00;14246;-0,003818336
10/6/2021 23:58:00;14232,4;-0,00095511
10/7/2021 23:58:00;14170,8;-0,004337546
10/8/2021 23:58:00;14246,1;0,005299676
10/11/2021 23:58:00;14194;-0,003663845
10/12/2021 23:58:00;14221,2;0,001914469
10/13/2021 23:58:00;14219,7;-0,000105482
10/14/2021 23:58:00;14078,5;-0,009979516
10/15/2021 23:58:00;14064,4;-0,001002029
10/18/2021 23:58:00;14157,2;0,006576547
10/19/2021 23:58:00;14116,8;-0,002857751
10/20/2021 23:58:00;14119,8;0,00021249
10/21/2021 23:58:00;14175;0,003901782
10/22/2021 23:58:00;14223,6;0,003422707
10/25/2021 23:58:00;14193,5;-0,002118444
10/26/2021 23:58:00;14175,7;-0,001254882
10/27/2021 23:58:00;14217,1;0,002916234
10/28/2021 23:58:00;14229;0,00083667
10/29/2021 23:58:00;14228,5;-3,51401E-05
11/1/2021 23:58:00;14276,6;0,003374838
11/2/2021 23:58:00;14289,9;0,000931161
11/3/2021 23:58:00;14366;0,00531131
11/4/2021 23:58:00;14414;0,003335653
11/5/2021 23:58:00;14319,8;-0,006556762
11/8/2021 23:58:00;14252;-0,004745947
11/9/2021 23:58:00;14290;0,002662744
11/10/2021 23:58:00;14302,4;0,000867363
11/11/2021 23:58:00;14261,7;-0,002849733
11/12/2021 23:58:00;14186,7;-0,005272716
11/15/2021 23:58:00;14185,4;-9,16393E-05
11/16/2021 23:58:00;14274,2;0,006240445
11/17/2021 23:58:00;14223,8;-0,003537094
11/18/2021 23:58:00;14204,7;-0,001343722
11/19/2021 23:58:00;14265,1;0,004243099
11/22/2021 23:58:00;14259,6;-0,000385631
11/23/2021 23:58:00;14272,5;0,000904245
11/24/2021 23:58:00;14303,4;0,002162662
11/25/2021 23:58:00;14320;0,00115989
11/26/2021 23:58:00;14408,2;0,006140327
11/29/2021 23:58:00;14377;-0,002167782
11/30/2021 23:58:00;14333;-0,003065136
12/1/2021 23:58:00;14376;0,002995579
12/2/2021 23:58:00;14443,8;0,004705107
12/3/2021 23:58:00;14514;0,004848444
12/6/2021 23:58:00;14490;-0,001654945
12/7/2021 23:58:00;14393,3;-0,006695936
12/8/2021 23:58:00;14335;-0,004058721
12/9/2021 23:58:00;14297,4;-0,002626397
12/10/2021 23:58:00;14351,9;0,003804635
12/13/2021 23:58:00;14324,7;-0,001897018
12/14/2021 23:58:00;14342,5;0,001241838
12/15/2021 23:58:00;14297,5;-0,003142461
12/16/2021 23:58:00;14380;0,005753655
12/17/2021 23:58:00;14385,7;0,000396305
12/20/2021 23:58:00;14388,7;0,000208519
12/21/2021 23:58:00;14263,9;-0,008711306
12/22/2021 23:58:00;14193,8;-0,00492662
12/23/2021 23:58:00;14167,8;-0,001833465
12/24/2021 23:58:00;14189,3;0,001516375
12/27/2021 23:58:00;14220;0,002161265
12/28/2021 23:58:00;14238,2;0,001279069
12/29/2021 23:58:00;14237;-8,42839E-05
12/30/2021 23:58:00;14285,2;0,003379827
12/31/2021 23:58:00;14215;-0,004926291
1/3/2022 23:58:00;14283,6;0,004814281
1/4/2022 23:58:00;14385,5;0,007108729
1/5/2022 23:58:00;14446,5;0,004231416
1/6/2022 23:58:00;14408;-0,002668563
1/7/2022 23:58:00;14318,5;-0,0062312
1/10/2022 23:58:00;14313;-0,000384192
1/11/2022 23:58:00;14277;-0,002518364
1/12/2022 23:58:00;14298,9;0,00153276
1/13/2022 23:58:00;14276;-0,001602806
1/14/2022 23:58:00;14314,5;0,002693204
1/17/2022 23:58:00;14349,7;0,002456027
1/18/2022 23:58:00;14382,3;0,002269248
1/19/2022 23:58:00;14362,8;-0,001356753
1/20/2022 23:58:00;14343;-0,001379512
1/21/2022 23:58:00;14329,7;-0,000927712
1/24/2022 23:58:00;14365;0,002460386
1/25/2022 23:58:00;14330,5;-0,002404559
1/26/2022 23:58:00;14366,4;0,002502014
1/27/2022 23:58:00;14389,2;0,001585778
1/28/2022 23:58:00;14381,6;-0,000528313
1/31/2022 23:58:00;14350;-0,00219967
2/1/2022 23:58:00;14322,3;-0,001932179
2/2/2022 23:58:00;14363,8;0,002893389
2/3/2022 23:58:00;14377;0,000918555
2/4/2022 23:58:00;14400,4;0,001626277
2/7/2022 23:58:00;14405,6;0,000361036
2/8/2022 23:58:00;14379,5;-0,001813439
2/9/2022 23:58:00;14334,2;-0,003155291
2/10/2022 23:58:00;14328;-0,000432626
2/11/2022 23:58:00;14344,7;0,001164871
2/14/2022 23:58:00;14303;-0,002911231
2/15/2022 23:58:00;14260,6;-0,002968816
2/16/2022 23:58:00;14274,4;0,000967233
2/17/2022 23:58:00;14348;0,005142837
2/18/2022 23:58:00;14365,9;0,001246783
2/21/2022 23:58:00;14355;-0,000759029
2/22/2022 23:58:00;14395;0,00278261
2/23/2022 23:58:00;14365;-0,002086232
2/24/2022 23:58:00;14452,5;0,006072718
2/25/2022 23:58:00;14334,2;-0,00821912
2/28/2022 23:58:00;14360;0,001798273
3/1/2022 23:58:00;14425;0,004516249
3/2/2022 23:58:00;14387,5;-0,002603038
3/3/2022 23:58:00;14358,4;-0,002024637
3/4/2022 23:58:00;14381,7;0,001621428
3/7/2022 23:58:00;14406,4;0,001715987
3/8/2022 23:58:00;14362,7;-0,003037984
3/9/2022 23:58:00;14251;-0,007807489
3/10/2022 23:58:00;14275;0,001682676
3/11/2022 23:58:00;14325,5;0,00353141
3/14/2022 23:58:00;14347,5;0,001534545
3/15/2022 23:58:00;14305,3;-0,002945613
3/16/2022 23:58:00;14263,5;-0,002926271
3/17/2022 23:58:00;14326;0,004372242
3/18/2022 23:58:00;14342,3;0,001137145
3/21/2022 23:58:00;14345;0,000188237
3/22/2022 23:58:00;14345,5;3,48547E-05
3/23/2022 23:58:00;14389;0,003027722
3/24/2022 23:58:00;14337,1;-0,003613443
3/25/2022 23:58:00;14356,4;0,001345253
3/28/2022 23:58:00;14373;0,001155611
3/29/2022 23:58:00;14334;-0,002717109
3/30/2022 23:58:00;14327,5;-0,00045357
3/31/2022 23:58:00;14351;0,001638859
4/1/2022 23:58:00;14371,4;0,001420494
4/4/2022 23:58:00;14322,3;-0,003422357
4/5/2022 23:58:00;14365,5;0,003011735
4/6/2022 23:58:00;14382;0,001147926
4/7/2022 23:58:00;14385;0,000208572
4/8/2022 23:58:00;14370,6;-0,001001544
4/11/2022 23:58:00;14360,7;-0,000689144
4/12/2022 23:58:00;14364,2;0,000243691
4/13/2022 23:58:00;14360,2;-0,000278509
4/14/2022 23:58:00;14383,9;0,001649034
4/15/2022 23:58:00;14366,7;-0,001196497
4/18/2022 23:58:00;14353,8;-0,000898313
4/19/2022 23:58:00;14364,9;0,000773016
4/20/2022 23:58:00;14351;-0,000968105
4/21/2022 23:58:00;14382;0,002157798
4/22/2022 23:58:00;14453,5;0,004959175
4/25/2022 23:58:00;14478;0,001693656
4/26/2022 23:58:00;14466;-0,000829187
4/27/2022 23:58:00;14447,5;-0,001279679
4/28/2022 23:58:00;14502;0,003765182
4/29/2022 23:58:00;14506,1;0,00028268
5/2/2022 23:58:00;14522,6;0,001136806
5/3/2022 23:58:00;14491;-0,00217829
5/4/2022 23:58:00;14425;-0,004564955
5/5/2022 23:58:00;14458,7;0,002333497
5/6/2022 23:58:00;14494,8;0,002493655
5/9/2022 23:58:00;14552,2;0,003952221
5/10/2022 23:58:00;14520,8;-0,002160081
5/11/2022 23:58:00;14543,4;0,001555178
5/12/2022 23:58:00;14632,1;0,006080463
5/13/2022 23:58:00;14665,9;0,002307326
5/16/2022 23:58:00;14645;-0,001426091
5/17/2022 23:58:00;14630,6;-0,000983754
5/18/2022 23:58:00;14740;0,007449661
5/19/2022 23:58:00;14626,8;-0,007709424
5/20/2022 23:58:00;14672,4;0,003112715
5/23/2022 23:58:00;14619,2;-0,003632445
5/24/2022 23:58:00;14635,8;0,001134849
5/25/2022 23:58:00;14597;-0,002654554
5/26/2022 23:58:00;14584,2;-0,000877277
5/27/2022 23:58:00;14520,9;-0,00434976
5/30/2022 23:58:00;14538,4;0,001204434
5/31/2022 23:58:00;14543,9;0,000378237
6/1/2022 23:58:00;14531,5;-0,000852955
6/2/2022 23:58:00;14426,8;-0,007231119
6/3/2022 23:58:00;14431,5;0,00032573
6/6/2022 23:58:00;14435,2;0,000256351
6/7/2022 23:58:00;14458,8;0,001633558
6/8/2022 23:58:00;14495,3;0,002521233
6/9/2022 23:58:00;14611,8;0,008004963
6/10/2022 23:58:00;14609,2;-0,000177954
6/13/2022 23:58:00;14795;0,012637819
6/14/2022 23:58:00;14740,8;-0,003670126
6/15/2022 23:58:00;14681;-0,004065019
6/16/2022 23:58:00;14776,1;0,00645687
6/17/2022 23:58:00;14838,8;0,004234361
6/20/2022 23:58:00;14827,7;-0,000748319
6/21/2022 23:58:00;14831,7;0,000269729
6/22/2022 23:58:00;14843;0,000761592
6/23/2022 23:58:00;14841,8;-8,08495E-05
6/24/2022 23:58:00;14817;-0,001672354
6/27/2022 23:58:00;14791;-0,001756283
6/28/2022 23:58:00;14857;0,004452247
6/29/2022 23:58:00;14877;0,001345262
6/30/2022 23:58:00;14921,9;0,003013536
7/1/2022 23:58:00;14975,1;0,003558889
7/4/2022 23:58:00;15008;0,00219457
7/5/2022 23:58:00;15037;0,001930438
7/6/2022 23:58:00;15010;-0,001797185
7/7/2022 23:58:00;14964,6;-0,003029234
7/8/2022 23:58:00;14976,9;0,000821602
7/11/2022 23:58:00;14989,1;0,000814256
7/12/2022 23:58:00;15010;0,001393375
7/13/2022 23:58:00;15030,4;0,001358171
7/14/2022 23:58:00;15037,1;0,000445664
7/15/2022 23:58:00;14996,3;-0,002716977
7/18/2022 23:58:00;14977;-0,001287813
7/19/2022 23:58:00;14960,8;-0,001082244
7/20/2022 23:58:00;15022;0,004082346
7/21/2022 23:58:00;15004,2;-0,001185631
7/22/2022 23:58:00;14974,4;-0,001988085
7/25/2022 23:58:00;14978;0,000240381
7/26/2022 23:58:00;14982,8;0,000320419
7/27/2022 23:58:00;14914,2;-0,004589097
7/28/2022 23:58:00;14849,1;-0,004374522
7/29/2022 23:58:00;14777,9;-0,004806436
8/1/2022 23:58:00;14838;0,004058636
8/2/2022 23:58:00;14890,1;0,003505105
8/3/2022 23:58:00;14900;0,00066465
8/4/2022 23:58:00;14884,7;-0,001027373
8/5/2022 23:58:00;14944,5;0,004009499
8/8/2022 23:58:00;14831,2;-0,007610269
8/9/2022 23:58:00;14856,7;0,001717872
8/10/2022 23:58:00;14756,9;-0,006740172
8/11/2022 23:58:00;14724,2;-0,002218371
8/12/2022 23:58:00;14635,5;-0,006042314
8/15/2022 23:58:00;14776,4;0,009581229
8/16/2022 23:58:00;14747,1;-0,00198486
8/17/2022 23:58:00;14764,1;0,001152105
8/18/2022 23:58:00;14845,7;0,005511703
8/19/2022 23:58:00;14837,4;-0,000559241
8/22/2022 23:58:00;14933,5;0,006455991
8/23/2022 23:58:00;14850;-0,005607146
8/24/2022 23:58:00;14845;-0,000336757
8/25/2022 23:58:00;14773;-0,004861918
8/26/2022 23:58:00;14825,6;0,003554226
8/29/2022 23:58:00;14895;0,00467017
8/30/2022 23:58:00;14850;-0,003025721
8/31/2022 23:58:00;14855;0,000336644
9/1/2022 23:58:00;14902,1;0,003165634
9/2/2022 23:58:00;14867,3;-0,002337972
9/5/2022 23:58:00;14882,3;0,001008417
9/6/2022 23:58:00;14904;0,001457046
9/7/2022 23:58:00;14865,3;-0,002599995
9/8/2022 23:58:00;14892,3;0,001814663
9/9/2022 23:58:00;14824,8;-0,004542847
9/12/2022 23:58:00;14858,7;0,002284098
9/13/2022 23:58:00;14954,9;0,006453453
9/14/2022 23:58:00;14915;-0,002671587
9/15/2022 23:58:00;14933,6;0,00124629
9/16/2022 23:58:00;14993,6;0,004009736
9/19/2022 23:58:00;14985,8;-0,000520357
9/20/2022 23:58:00;15008,6;0,001520284
9/21/2022 23:58:00;15019;0,000692696
9/22/2022 23:58:00;15026,6;0,000505898
9/23/2022 23:58:00;15089,1;0,004150665
9/26/2022 23:58:00;15204;0,007585922
9/27/2022 23:58:00;15167,2;-0,00242335
9/28/2022 23:58:00;15175,3;0,000533905
9/29/2022 23:58:00;15175,2;-6,58968E-06
9/30/2022 23:58:00;15303,1;0,008392906
10/3/2022 23:58:00;15290;-0,000856402
10/4/2022 23:58:00;15180;-0,007220248
10/5/2022 23:58:00;15206,7;0,001757348
10/6/2022 23:58:00;15215,8;0,000598241
10/7/2022 23:58:00;15285,1;0,004544136
10/10/2022 23:58:00;15343;0,003780846
10/11/2022 23:58:00;15338,5;-0,000293336
10/12/2022 23:58:00;15318,6;-0,001298231
10/13/2022 23:58:00;15364;0,002959334
10/14/2022 23:58:00;15462,2;0,006371225
10/17/2022 23:58:00;15441,4;-0,001346122
10/18/2022 23:58:00;15466,2;0,001604784
10/19/2022 23:58:00;15620;0,009895147
10/20/2022 23:58:00;15562;-0,003720099
10/21/2022 23:58:00;15522,2;-0,002560788
10/24/2022 23:58:00;15586,5;0,004133898
10/25/2022 23:58:00;15549;-0,002408827
10/26/2022 23:58:00;15502,7;-0,002982126
10/27/2022 23:58:00;15554,2;0,003316496
10/28/2022 23:58:00;15549,2;-0,000321508
10/31/2022 23:58:00;15649;0,006397827
11/1/2022 23:58:00;15690;0,00261655
11/2/2022 23:58:00;15696;0,000382336
11/3/2022 23:58:00;15780;0,005337413
11/4/2022 23:58:00;15609,4;-0,010870019
11/7/2022 23:58:00;15675;0,00419379
11/8/2022 23:58:00;15645;-0,001915709
11/9/2022 23:58:00;15671,5;0,001692399
11/10/2022 23:58:00;15500;-0,011003752
11/11/2022 23:58:00;15473,8;-0,001691753
11/14/2022 23:58:00;15530,1;0,003631805
11/15/2022 23:58:00;15557;0,001730622
11/16/2022 23:58:00;15655;0,006279657
11/17/2022 23:58:00;15720;0,004143432
11/18/2022 23:58:00;15629,3;-0,005786429
11/21/2022 23:58:00;15755;0,008010417
11/22/2022 23:58:00;15671;-0,005345905
11/23/2022 23:58:00;15619,6;-0,003285335
11/24/2022 23:58:00;15605;-0,00093516
11/25/2022 23:58:00;15675,2;0,00448847
11/28/2022 23:58:00;15746;0,004506519
11/29/2022 23:58:00;15726,5;-0,001239177
11/30/2022 23:58:00;15634,5;-0,005867177
12/1/2022 23:58:00;15355,5;-0,018006295
12/2/2022 23:58:00;15361,7;0,000403683
12/5/2022 23:58:00;15520,3;0,010271446
12/6/2022 23:58:00;15623;0,006595343
12/7/2022 23:58:00;15596;-0,001729716
12/8/2022 23:58:00;15590;-0,000384788
12/9/2022 23:58:00;15582,5;-0,000481193
12/12/2022 23:58:00;15676,3;0,006001528
12/13/2022 23:58:00;15554,7;-0,007787174
12/14/2022 23:58:00;15481;-0,004749378
12/15/2022 23:58:00;15626;0,009322728
12/16/2022 23:58:00;15616;-0,000640164
12/19/2022 23:58:00;15567,5;-0,003110622
12/20/2022 23:58:00;15556;-0,000738991
12/21/2022 23:58:00;15513;-0,002768034
12/22/2022 23:58:00;15563;0,00321792
12/23/2022 23:58:00;15565,5;0,000160625
12/26/2022 23:58:00;15607;0,002662605
12/27/2022 23:58:00;15617,5;0,000672549
12/28/2022 23:58:00;15789;0,010921415
12/29/2022 23:58:00;15620;-0,010761351
12/30/2022 23:58:00;15502,2;-0,007570195
1/2/2023 23:58:00;15550;0,003078689
1/3/2023 23:58:00;15571,8;0,001400947
1/4/2023 23:58:00;15560;-0,000758067
1/5/2023 23:58:00;15620;0,003848626
1/6/2023 23:58:00;15602,2;-0,001140214
1/9/2023 23:58:00;15580;-0,00142389
1/10/2023 23:58:00;15528,9;-0,003285236
1/11/2023 23:58:00;15414;-0,007426617
1/12/2023 23:58:00;15172;-0,015824564
1/13/2023 23:58:00;15114,7;-0,003783844
1/16/2023 23:58:00;15082;-0,0021658
1/17/2023 23:58:00;15162;0,005290318
1/18/2023 23:58:00;15096;-0,00436249
1/19/2023 23:58:00;15141;0,002976488
1/20/2023 23:58:00;15055,8;-0,005642997
1/23/2023 23:58:00;15007;-0,00324654
1/24/2023 23:58:00;14955,5;-0,003437634
1/25/2023 23:58:00;14938,7;-0,001123964
1/26/2023 23:58:00;14942,5;0,000254341
1/27/2023 23:58:00;14970,3;0,001858737
1/30/2023 23:58:00;14995;0,001648574
1/31/2023 23:58:00;14990,7;-0,000286803
2/1/2023 23:58:00;14855;-0,0090935
2/2/2023 23:58:00;14881;0,001748723
2/3/2023 23:58:00;15077,7;0,0131316
2/6/2023 23:58:00;15200;0,008078597
2/7/2023 23:58:00;15147;-0,003492935
2/8/2023 23:58:00;15117;-0,001982554
2/9/2023 23:58:00;15140;0,00152031
2/10/2023 23:58:00;15183,3;0,002855892
2/13/2023 23:58:00;15211;0,001822711
2/14/2023 23:58:00;15179;-0,002105957
2/15/2023 23:58:00;15210;0,002040213
2/16/2023 23:58:00;15142;-0,004480767
2/17/2023 23:58:00;15159;0,001122075
2/20/2023 23:58:00;15162,5;0,000230859
2/21/2023 23:58:00;15233;0,004638853
2/22/2023 23:58:00;15192;-0,002695154
2/23/2023 23:58:00;15210;0,001184133
2/24/2023 23:58:00;15256,6;0,00305909
2/27/2023 23:58:00;15209;-0,003124838
2/28/2023 23:58:00;15240;0,002036192
3/1/2023 23:58:00;15243;0,000196831
3/2/2023 23:58:00;15322;0,005169323
3/3/2023 23:58:00;15253;-0,004513499
3/6/2023 23:58:00;15352;0,006469554
3/7/2023 23:58:00;15437;0,005521466
3/8/2023 23:58:00;15450;0,000841778
3/9/2023 23:58:00;15489;0,002521091
3/10/2023 23:58:00;15471,5;-0,001130473
3/13/2023 23:58:00;15409;-0,004047867
3/14/2023 23:58:00;15372;-0,002404082
3/15/2023 23:58:00;15479;0,006936594
3/16/2023 23:58:00;15422;-0,003689205
3/17/2023 23:58:00;15368;-0,003507636
3/20/2023 23:58:00;15340;-0,00182363
3/21/2023 23:58:00;15294;-0,003003201
3/22/2023 23:58:00;15251;-0,00281552
3/23/2023 23:58:00;15047;-0,013466439
3/24/2023 23:58:00;15166;0,007877445
3/27/2023 23:58:00;15107,5;-0,003864771
3/28/2023 23:58:00;15061;-0,003082688
3/29/2023 23:58:00;15031,5;-0,001960622
3/30/2023 23:58:00;15020;-0,000765353
3/31/2023 23:58:00;14968,6;-0,003427973
4/3/2023 23:58:00;14915;-0,003587256
4/4/2023 23:58:00;14958;0,002878856
4/5/2023 23:58:00;14956;-0,000133717
4/6/2023 23:58:00;14932;-0,001605996
4/7/2023 23:58:00;14933,9;0,000127235
4/10/2023 23:58:00;14955;0,001411896
4/11/2023 23:58:00;14913;-0,002812376
4/12/2023 23:58:00;14823,5;-0,006019556
4/13/2023 23:58:00;14720;-0,007006646
4/14/2023 23:58:00;14782,5;0,004236935
4/17/2023 23:58:00;14860;0,005228991
4/18/2023 23:58:00;14890;0,002016807
4/19/2023 23:58:00;15006;0,007760274
4/20/2023 23:58:00;14946;-0,004006416
4/21/2023 23:58:00;14929;-0,001138075
4/24/2023 23:58:00;14945;0,001071166
4/25/2023 23:58:00;14935;-0,000669344
4/26/2023 23:58:00;14841,5;-0,006280141
4/27/2023 23:58:00;14684;-0,010668845
4/28/2023 23:58:00;14666,1;-0,001219757
5/1/2023 23:58:00;14671,5;0,000368128
5/2/2023 23:58:00;14752,5;0,005505724
5/3/2023 23:58:00;14680,5;-0,004892477
5/4/2023 23:58:00;14700;0,001327411
5/5/2023 23:58:00;14668,1;-0,002172426
5/8/2023 23:58:00;14750;0,005568015
5/9/2023 23:58:00;14767;0,001151879
5/10/2023 23:58:00;14691;-0,0051599
5/11/2023 23:58:00;14770,5;0,005396887
5/12/2023 23:58:00;14843,4;0,004923374
5/15/2023 23:58:00;14795;-0,003266036
5/16/2023 23:58:00;14885;0,006064709
5/17/2023 23:58:00;14876,5;-0,000571208
5/18/2023 23:58:00;14916;0,002651676
5/19/2023 23:58:00;14929;0,000871168
5/22/2023 23:58:00;14886;-0,002884456
5/23/2023 23:58:00;14895;0,000604412
5/24/2023 23:58:00;14945,9;0,003411429
5/25/2023 23:58:00;14970;0,001611184
5/26/2023 23:58:00;15007,5;0,002501878
5/29/2023 23:58:00;14960;-0,003170104
5/30/2023 23:58:00;14979;0,001269248
5/31/2023 23:58:00;14984;0,000333745
6/1/2023 23:58:00;14907;-0,005152064
6/2/2023 23:58:00;14874,5;-0,002182564
6/5/2023 23:58:00;14849,5;-0,001682143
6/6/2023 23:58:00;14872;0,001514056
6/7/2023 23:58:00;14889;0,001142435
6/8/2023 23:58:00;14836;-0,003566026
6/9/2023 23:58:00;14885,6;0,003337643
6/12/2023 23:58:00;14871,5;-0,000947673
6/13/2023 23:58:00;14869;-0,000168121
6/14/2023 23:58:00;14909;0,002686549
6/15/2023 23:58:00;14897;-0,000805207
6/16/2023 23:58:00;14954;0,003818972
6/19/2023 23:58:00;15008;0,00360457
6/20/2023 23:58:00;15016;0,000532907
6/21/2023 23:58:00;14943;-0,004873337
6/22/2023 23:58:00;14935;-0,000535511
6/23/2023 23:58:00;15042,5;0,007172076
6/26/2023 23:58:00;15039;-0,000232701
6/27/2023 23:58:00;14982,5;-0,003763974
6/28/2023 23:58:00;14981;-0,000100122
6/29/2023 23:58:00;15064;0,00552506
6/30/2023 23:58:00;15036,2;-0,001847164
7/3/2023 23:58:00;15056;0,001315956
7/4/2023 23:58:00;15010;-0,003059937
7/5/2023 23:58:00;15077;0,004453758
7/6/2023 23:58:00;15189,3;0,007420829
7/7/2023 23:58:00;15157,9;-0,002069384
7/10/2023 23:58:00;15216;0,003825658
7/11/2023 23:58:00;15156,8;-0,00389823
7/12/2023 23:58:00;14930;-0,015076665
7/13/2023 23:58:00;14954;0,001606211
7/14/2023 23:58:00;14996;0,002804676
7/17/2023 23:58:00;14982,5;-0,000900646
7/18/2023 23:58:00;14986;0,000233579
7/19/2023 23:58:00;14992;0,000400294
7/20/2023 23:58:00;15051,5;0,003960929
7/21/2023 23:58:00;15041,1;-0,0006912
7/24/2023 23:58:00;15021,5;-0,001303946
7/25/2023 23:58:00;15032;0,000698754
7/26/2023 23:58:00;15007;-0,001664503
7/27/2023 23:58:00;15095;0,005846804
7/28/2023 23:58:00;15094,5;-3,31241E-05
7/31/2023 23:58:00;15104;0,00062917
8/1/2023 23:58:00;15131;0,00178601
8/2/2023 23:58:00;15220;0,005864733
8/3/2023 23:58:00;15161;-0,003884011
8/4/2023 23:58:00;15139,4;-0,001425724
8/7/2023 23:58:00;15232;0,006097861
8/8/2023 23:58:00;15207,2;-0,001629478
8/9/2023 23:58:00;15207;-1,31518E-05
8/10/2023 23:58:00;15259;0,003413645
8/11/2023 23:58:00;15323,5;0,004218105
8/14/2023 23:58:00;15347;0,001532417
8/15/2023 23:58:00;15311,5;-0,002315835
8/16/2023 23:58:00;15362;0,003292748
8/17/2023 23:58:00;15362,5;3,25473E-05
8/18/2023 23:58:00;15314;-0,003162032
8/21/2023 23:58:00;15318,9;0,000319917
8/22/2023 23:58:00;15317;-0,000124037
8/23/2023 23:58:00;15294,1;-0,00149619
8/24/2023 23:58:00;15239;-0,003609202
8/25/2023 23:58:00;15291;0,003406489
8/28/2023 23:58:00;15255,5;-0,002324326
8/29/2023 23:58:00;15196,5;-0,003874956
8/30/2023 23:58:00;15216;0,001282368
8/31/2023 23:58:00;15231;0,000985319
9/1/2023 23:58:00;15193,9;-0,002438793
9/4/2023 23:58:00;15227;0,002176136
9/5/2023 23:58:00;15298;0,004651933
9/6/2023 23:58:00;15336;0,002480905
9/7/2023 23:58:00;15342;0,00039116
9/8/2023 23:58:00;15378,9;0,002402275
9/11/2023 23:58:00;15339,1;-0,002591316
9/12/2023 23:58:00;15350,2;0,000723379
9/13/2023 23:58:00;15353;0,000182391
9/14/2023 23:58:00;15395;0,002731887
9/15/2023 23:58:00;15360;-0,002276054
9/18/2023 23:58:00;15377;0,001106159
9/19/2023 23:58:00;15384,5;0,000487623
9/20/2023 23:58:00;15361;-0,001528679
9/21/2023 23:58:00;15400,5;0,002568147
9/22/2023 23:58:00;15345,9;-0,003551639
9/25/2023 23:58:00;15405;0,003843795
9/26/2023 23:58:00;15493;0,005696177
9/27/2023 23:58:00;15569;0,004893449
9/28/2023 23:58:00;15474;-0,006120562
9/29/2023 23:58:00;15487,2;0,00085268
10/2/2023 23:58:00;15516;0,001857873
10/3/2023 23:58:00;15622;0,006808428
10/4/2023 23:58:00;15591;-0,001986352
10/5/2023 23:58:00;15631;0,002562297
10/6/2023 23:58:00;15636,4;0,000345408
10/9/2023 23:58:00;15691,4;0,003511262
10/10/2023 23:58:00;15718,5;0,001725571
10/11/2023 23:58:00;15693;-0,00162361
10/12/2023 23:58:00;15739;0,002926956
10/13/2023 23:58:00;15696;-0,002735806
10/16/2023 23:58:00;15675;-0,001338816
10/17/2023 23:58:00;15728,2;0,003388193
10/18/2023 23:58:00;15807;0,0049976
10/19/2023 23:58:00;15856;0,003095098
10/20/2023 23:58:00;15864;0,000504414
10/23/2023 23:58:00;15874;0,000630159
10/24/2023 23:58:00;15868;-0,000378048
10/25/2023 23:58:00;15877,5;0,00059851
10/26/2023 23:58:00;15920;0,002673168
10/27/2023 23:58:00;15903,5;-0,00103697
10/30/2023 23:58:00;15843;-0,003811448
10/31/2023 23:58:00;15748,7;-0,00596994
11/1/2023 23:58:00;15900;0,009561287
11/2/2023 23:58:00;15838;-0,003906993
11/3/2023 23:58:00;15582,1;-0,016289296
11/6/2023 23:58:00;15570;-0,000776834
11/7/2023 23:58:00;15643,6;0,004715902
11/8/2023 23:58:00;15616;-0,001765858
11/9/2023 23:58:00;15713,7;0,006236914
11/10/2023 23:58:00;15683;-0,00195562
11/13/2023 23:58:00;15667;-0,001020734
11/14/2023 23:58:00;15281;-0,024946363
11/15/2023 23:58:00;15487,8;0,013442391
11/16/2023 23:58:00;15475;-0,000826799
11/17/2023 23:58:00;15399,4;-0,004897271
11/20/2023 23:58:00;15382,1;-0,001124052
11/21/2023 23:58:00;15501,3;0,007719396
11/22/2023 23:58:00;15612,8;0,007167199
11/23/2023 23:58:00;15495;-0,007573699
11/24/2023 23:58:00;15446,7;-0,003122003
11/27/2023 23:58:00;15466,5;0,001281006
11/28/2023 23:58:00;15259;-0,013506902
11/29/2023 23:58:00;15407;0,009652459
11/30/2023 23:58:00;15549,3;0,00919367
12/1/2023 23:58:00;15398,6;-0,009739025
12/4/2023 23:58:00;15519,9;0,007846475
12/5/2023 23:58:00;15457;-0,004061096
12/6/2023 23:58:00;15480;0,001486893
12/7/2023 23:58:00;15500;0,001291156
12/8/2023 23:58:00;15560,2;0,003876348
12/11/2023 23:58:00;15647;0,005562833
12/12/2023 23:58:00;15569;-0,004997448
12/13/2023 23:58:00;15275;-0,019064253
12/14/2023 23:58:00;15468;0,012555869
12/15/2023 23:58:00;15282,8;-0,012045361
12/18/2023 23:58:00;15454,4;0,011165739
12/19/2023 23:58:00;15455;3,88231E-05
12/20/2023 23:58:00;15518;0,004068065
12/21/2023 23:58:00;15440;-0,005039096
12/22/2023 23:58:00;15409,2;-0,001996811
12/25/2023 23:58:00;15460;0,00329131
12/26/2023 23:58:00;15400;-0,003888534
12/27/2023 23:58:00;15373;-0,001754785
12/28/2023 23:58:00;15425;0,003376846
12/29/2023 23:58:00;15383,1;-0,002720066
1/1/2024 23:58:00;15383;-6,50066E-06
1/2/2024 23:58:00;15498;0,00744798
1/3/2024 23:58:00;15555;0,003671147
1/4/2024 23:58:00;15511;-0,002832681
1/5/2024 23:58:00;15477,5;-0,002162093
1/8/2024 23:58:00;15495,5;0,001162303
1/9/2024 23:58:00;15534,5;0,002513698
1/10/2024 23:58:00;15555;0,001318773
1/11/2024 23:58:00;15556,5;9,64274E-05
1/12/2024 23:58:00;15503,2;-0,003432103
1/15/2024 23:58:00;15546;0,002756917
1/16/2024 23:58:00;15625;0,005068825
1/17/2024 23:58:00;15624;-6,4002E-05
1/18/2024 23:58:00;15613,1;-0,000697888
1/19/2024 23:58:00;15601;-0,000775291
1/22/2024 23:58:00;15655,5;0,003487278
1/23/2024 23:58:00;15715;0,003793377
1/24/2024 23:58:00;15714,5;-3,18172E-05
1/25/2024 23:58:00;15808;0,005932288
1/26/2024 23:58:00;15767,6;-0,002558939
1/29/2024 23:58:00;15828;0,003823322
1/30/2024 23:58:00;15785;-0,002720402
1/31/2024 23:58:00;15769;-0,001014135
2/1/2024 23:58:00;15726;-0,002730594
2/2/2024 23:58:00;15727,2;7,63038E-05
2/5/2024 23:58:00;15711,5;-0,000998769
2/6/2024 23:58:00;15733;0,001367489
2/7/2024 23:58:00;15647;-0,005481212
2/8/2024 23:58:00;15660,3;0,000849642
2/9/2024 23:58:00;15598;-0,003986147
2/12/2024 23:58:00;15579,5;-0,001186753
2/13/2024 23:58:00;15661,5;0,005249524
2/14/2024 23:58:00;15553,1;-0,006945496
2/15/2024 23:58:00;15672;0,007615705
2/16/2024 23:58:00;15628,6;-0,002773112
2/19/2024 23:58:00;15634;0,000345461
2/20/2024 23:58:00;15661;0,001725516
2/21/2024 23:58:00;15642;-0,001213941
2/22/2024 23:58:00;15588;-0,003458217
2/23/2024 23:58:00;15586,1;-0,000121896
2/26/2024 23:58:00;15638,5;0,003356331
2/27/2024 23:58:00;15653;0,000926769
2/28/2024 23:58:00;15712,2;0,003774889
2/29/2024 23:58:00;15704;-0,000522024
3/1/2024 23:58:00;15691,9;-0,000770801
3/4/2024 23:58:00;15766;0,004711067
3/5/2024 23:58:00;15751,5;-0,000920124
3/6/2024 23:58:00;15668;-0,005315183
3/7/2024 23:58:00;15621;-0,003004253
3/8/2024 23:58:00;15536,3;-0,005436941
3/11/2024 23:58:00;15518;-0,001178581
3/12/2024 23:58:00;15546;0,00180273
3/13/2024 23:58:00;15574;0,001799486
3/14/2024 23:58:00;15630;0,003589287
3/15/2024 23:58:00;15639,3;0,000594833
3/18/2024 23:58:00;15743;0,006608845
3/19/2024 23:58:00;15718;-0,00158927
3/20/2024 23:58:00;15687;-0,001974209
3/21/2024 23:58:00;15723,5;0,002324065
3/22/2024 23:58:00;15802,6;0,005018075
3/25/2024 23:58:00;15784;-0,001177715
3/26/2024 23:58:00;15828;0,002783755
3/27/2024 23:58:00;15877;0,003090998
3/28/2024 23:58:00;15877;0
3/29/2024 23:58:00;15873,1;-0,000245669
4/1/2024 23:58:00;15945,8;0,004569619
4/2/2024 23:58:00;15955;0,000576788
4/3/2024 23:58:00;15936;-0,001191559
4/4/2024 23:58:00;15904,5;-0,001978613
4/5/2024 23:58:00;15882,5;-0,001384214
4/8/2024 23:58:00;15918;0,00223267
4/9/2024 23:58:00;15892,3;-0,001615829
4/10/2024 23:58:00;15998,2;0,006641501
4/11/2024 23:58:00;16007;0,000549911
4/12/2024 23:58:00;16112,3;0,006556829
4/15/2024 23:58:00;16075;-0,002317685
4/16/2024 23:58:00;16312,2;0,014648024
4/17/2024 23:58:00;16246;-0,004066569
4/18/2024 23:58:00;16220;-0,001601676
4/19/2024 23:58:00;16210,3;-0,000598206
4/22/2024 23:58:00;16246;0,002199882
4/23/2024 23:58:00;16140,2;-0,00653367
4/24/2024 23:58:00;16220;0,004931994
4/25/2024 23:58:00;16202;-0,001110357
4/26/2024 23:58:00;16232,2;0,001862232
4/29/2024 23:58:00;16246;0,000849801
4/30/2024 23:58:00;16273;0,001660568
5/1/2024 23:58:00;16190,4;-0,005088819
5/2/2024 23:58:00;16097;-0,005785555
5/3/2024 23:58:00;15951,2;-0,009098858
5/6/2024 23:58:00;16034;0,005177406
5/7/2024 23:58:00;16073;0,002429378
5/8/2024 23:58:00;16074;6,22142E-05
5/9/2024 23:58:00;16030;-0,002741093
5/10/2024 23:58:00;16047;0,00105995
5/13/2024 23:58:00;16121;0,004600854
5/14/2024 23:58:00;16102;-0,001179282
5/15/2024 23:58:00;15914;-0,011744263
5/16/2024 23:58:00;15930,8;0,001055117
5/17/2024 23:58:00;15920,3;-0,000659318
5/20/2024 23:58:00;16031;0,006929323
5/21/2024 23:58:00;16005;-0,001623174
5/22/2024 23:58:00;16040,7;0,002228069
5/23/2024 23:58:00;16095;0,003379422
5/24/2024 23:58:00;16038;-0,003547758
5/27/2024 23:58:00;16071;0,002055499
5/28/2024 23:58:00;16117;0,00285821
5/29/2024 23:58:00;16232,1;0,007116148
5/30/2024 23:58:00;16228;-0,000252618
5/31/2024 23:58:00;16244,2;0,000997777
6/3/2024 23:58:00;16203;-0,002539512
6/4/2024 23:58:00;16276;0,00449522
6/5/2024 23:58:00;16315;0,0023933
6/6/2024 23:58:00;16241,7;-0,004502921
6/7/2024 23:58:00;16268,2;0,001630273
6/10/2024 23:58:00;16312;0,002688751
6/11/2024 23:58:00;16305,4;-0,000404692
6/12/2024 23:58:00;16230;-0,00463496
6/13/2024 23:58:00;16286;0,003444462
6/14/2024 23:58:00;16479,9;0,011835613
6/17/2024 23:58:00;16479;-5,46135E-05
6/18/2024 23:58:00;16379;-0,006086817
6/19/2024 23:58:00;16380,9;0,000115995
6/20/2024 23:58:00;16491,9;0,006753329
6/21/2024 23:58:00;16470,2;-0,001316664
6/24/2024 23:58:00;16394,1;-0,004631173
6/26/2024 23:58:00;16434;0,002430846
6/27/2024 23:58:00;16374,4;-0,00363322
6/28/2024 23:58:00;16342,8;-0,001931706
7/1/2024 23:58:00;16390;0,002883959
7/2/2024 23:58:00;16391;6,1011E-05
7/3/2024 23:58:00;16340;-0,003116314
7/4/2024 23:58:00;16328,5;-0,000704042
7/5/2024 23:58:00;16239,3;-0,005477817
7/8/2024 23:58:00;16277,2;0,002331125
7/9/2024 23:58:00;16277;-1,22872E-05
7/10/2024 23:58:00;16198;-0,004865291
7/11/2024 23:58:00;16104;-0,005820089
7/12/2024 23:58:00;16067,3;-0,002281538
7/15/2024 23:58:00;16195;0,007916402
7/16/2024 23:58:00;16173;-0,001359367
7/17/2024 23:58:00;16138;-0,002166446
7/18/2024 23:58:00;16185;0,002908148
7/19/2024 23:58:00;16207,8;0,00140772
7/22/2024 23:58:00;16220,2;0,000764771
7/23/2024 23:58:00;16222;0,000110967
7/24/2024 23:58:00;16246;0,001478379
7/25/2024 23:58:00;16337,8;0,005634717
7/26/2024 23:58:00;16284,1;-0,00329227
7/29/2024 23:58:00;16301,7;0,001080225
7/30/2024 23:58:00;16328,5;0,00164265
7/31/2024 23:58:00;16255;-0,004511494
8/1/2024 23:58:00;16281;0,00159823
8/2/2024 23:58:00;16134,6;-0,009032749
8/5/2024 23:58:00;16208;0,004538913
8/6/2024 23:58:00;16152,3;-0,003442493
8/7/2024 23:58:00;16023;-0,008037264
8/8/2024 23:58:00;15979;-0,00274983
8/9/2024 23:58:00;15934;-0,002820169
8/12/2024 23:58:00;15949,1;0,00094721
8/13/2024 23:58:00;15749;-0,01262553
8/14/2024 23:58:00;15619,5;-0,008256738
8/15/2024 23:58:00;15755;0,008637642
8/16/2024 23:58:00;15672;-0,005282095
8/19/2024 23:58:00;15523;-0,009552886
8/20/2024 23:58:00;15442;-0,005231725
8/21/2024 23:58:00;15484;0,002716163
8/22/2024 23:58:00;15728,5;0,015667121
8/23/2024 23:58:00;15377,2;-0,02258846
8/26/2024 23:58:00;15462,6;0,005538312
8/27/2024 23:58:00;15467,1;0,000290982
8/28/2024 23:58:00;15440;-0,001753643
8/29/2024 23:58:00;15444,8;0,000310833
8/30/2024 23:58:00;15521,4;0,00494734
9/2/2024 23:58:00;15520,1;-8,37588E-05
9/3/2024 23:58:00;15532,9;0,000824397
9/4/2024 23:58:00;15444,4;-0,005713877
9/5/2024 23:58:00;15417;-0,001775681
9/6/2024 23:58:00;15404,6;-0,000804631
9/9/2024 23:58:00;15456,8;0,00338287
9/10/2024 23:58:00;15489;0,002081059
9/11/2024 23:58:00;15437;-0,003362869
9/12/2024 23:58:00;15418,7;-0,001186167
9/13/2024 23:58:00;15397,8;-0,001356416
9/16/2024 23:58:00;15385;-0,000831633
9/17/2024 23:58:00;15345;-0,002603321
9/18/2024 23:58:00;15300,2;-0,002923788
9/19/2024 23:58:00;15197,6;-0,00672838
9/20/2024 23:58:00;15143,2;-0,003585934
9/23/2024 23:58:00;15174,1;0,002038441
9/24/2024 23:58:00;15121,1;-0,003498908
9/25/2024 23:58:00;15201,5;0,005302988
9/26/2024 23:58:00;15070;-0,008688095
9/27/2024 23:58:00;15101,9;0,002114551
9/30/2024 23:58:00;15170,6;0,004538781
10/1/2024 23:58:00;15260,6;0,005914999
10/2/2024 23:58:00;15324;0,004145883
10/3/2024 23:58:00;15457;0,008641748
10/4/2024 23:58:00;15650;0,012408942
10/7/2024 23:58:00;15744;0,005988423
10/8/2024 23:58:00;15682,4;-0,003920276
10/9/2024 23:58:00;15664,6;-0,001135675
10/10/2024 23:58:00;15670,9;0,0004021
10/11/2024 23:58:00;15557,9;-0,007236941
10/14/2024 23:58:00;15573;0,000970097
10/15/2024 23:58:00;15578,6;0,000359532
10/16/2024 23:58:00;15583,9;0,000340152
10/17/2024 23:58:00;15493;-0,005850021
10/18/2024 23:58:00;15465;-0,001808903
10/21/2024 23:58:00;15556;0,00586701
10/22/2024 23:58:00;15586;0,001926659
10/23/2024 23:58:00;15663;0,004928168
10/24/2024 23:58:00;15621,5;-0,002653073
10/25/2024 23:58:00;15688,1;0,004254293
10/28/2024 23:58:00;15747;0,003747408
10/29/2024 23:58:00;15768;0,001332699
10/30/2024 23:58:00;15695,5;-0,004608523
10/31/2024 23:58:00;15713;0,001114348
11/1/2024 23:58:00;15842;0,008176246
11/4/2024 23:58:00;15790;-0,003287813
11/5/2024 23:58:00;15665;-0,007947904
11/6/2024 23:58:00;15818,2;0,009732251
11/7/2024 23:58:00;15558;-0,0165862
11/8/2024 23:58:00;15647,2;0,005717011
11/11/2024 23:58:00;15765;0,007500306
11/12/2024 23:58:00;15788,9;0,001514868
11/13/2024 23:58:00;15847,2;0,003685667
11/14/2024 23:58:00;15933,3;0,00541843
11/15/2024 23:58:00;15891,3;-0,002639469
11/18/2024 23:58:00;15806,1;-0,005375848
11/19/2024 23:58:00;15817,1;0,000695692
11/20/2024 23:58:00;15913;0,006044752
11/21/2024 23:58:00;15816,9;-0,006057397
11/22/2024 23:58:00;15940;0,007752685
11/25/2024 23:58:00;15901,2;-0,002437095
11/26/2024 23:58:00;15930;0,001809546
11/27/2024 23:58:00;15863,5;-0,004183251
11/28/2024 23:58:00;15878;0,00091363
11/29/2024 23:58:00;15829;-0,003090803
12/2/2024 23:58:00;15910;0,005104142
12/3/2024 23:58:00;15940;0,001883831
12/4/2024 23:58:00;15906,6;-0,002097556
12/5/2024 23:58:00;15839,8;-0,004208357
12/6/2024 23:58:00;15825,8;-0,00088424
12/9/2024 23:58:00;15864;0,002410872
12/10/2024 23:58:00;15908;0,002769736
12/11/2024 23:58:00;15963;0,003451417
12/12/2024 23:58:00;15967,4;0,000275599
12/13/2024 23:58:00;16025,8;0,00365078
12/16/2024 23:58:00;15955;-0,004427664
12/17/2024 23:58:00;15926,2;-0,001806708
12/18/2024 23:58:00;16145,3;0,013663434
12/19/2024 23:58:00;15981,3;-0,010209697
12/20/2024 23:58:00;16159,3;0,011076447
12/23/2024 23:58:00;16217,6;0,003601337
12/24/2024 23:58:00;15970,8;-0,015335017
12/25/2024 23:58:00;15069,4;-0,058095857
12/26/2024 23:58:00;16189;0,071665802
12/27/2024 23:58:00;16178;-0,000679705
12/30/2024 23:58:00;16085,6;-0,005727833
12/31/2024 23:58:00;16244,8;0,009848396
1/1/2025 23:58:00;16230,5;-0,000880669
1/2/2025 23:58:00;16201,1;-0,001813047
1/3/2025 23:58:00;16178,8;-0,001377398
1/6/2025 23:58:00;16179,1;1,85426E-05
1/7/2025 23:58:00;16157,7;-0,00132357
1/8/2025 23:58:00;16187,6;0,001848801
1/9/2025 23:58:00;16237;0,003047072
1/10/2025 23:58:00;16268;0,001907399
1/13/2025 23:58:00;16295,2;0,001670598
1/14/2025 23:58:00;16320;0,001520764
1/15/2025 23:58:00;16360,8;0,00249688
1/16/2025 23:58:00;16368,8;0,000488854
1/17/2025 23:58:00;16367,1;-0,000103862
1/20/2025 23:58:00;16245;-0,007488053
1/21/2025 23:58:00;16330,8;0,005267726
1/22/2025 23:58:00;16232,8;-0,006019009
1/23/2025 23:58:00;16230,9;-0,000117054
1/24/2025 23:58:00;16164,9;-0,004074608
1/27/2025 23:58:00;16155,6;-0,000575486
1/28/2025 23:58:00;15881,2;-0,017130719
1/29/2025 23:58:00;16238;0,022218155
1/30/2025 23:58:00;16274,5;0,002245291
1/31/2025 23:58:00;16341,3;0,00409618
2/3/2025 23:58:00;16320,5;-0,001273659
2/4/2025 23:58:00;16299,1;-0,001312095
2/5/2025 23:58:00;16298,1;-6,1355E-05
2/6/2025 23:58:00;16327;0,001771643
2/7/2025 23:58:00;16314,7;-0,000753637
2/10/2025 23:58:00;16330,1;0,000943489
2/11/2025 23:58:00;16343,3;0,000807997
2/12/2025 23:58:00;16375;0,001937754
2/13/2025 23:58:00;16219;-0,009572387
2/14/2025 23:58:00;16173;-0,002840209
2/17/2025 23:58:00;16220;0,002901864
2/18/2025 23:58:00;16317;0,00596246
2/19/2025 23:58:00;16346,4;0,001800181
2/20/2025 23:58:00;16245,1;-0,006216365
2/21/2025 23:58:00;16278;0,002023178
2/24/2025 23:58:00;16279,3;7,98592E-05
2/25/2025 23:58:00;16314;0,002129273
2/26/2025 23:58:00;16367,4;0,003267917
2/27/2025 23:58:00;16553,7;0,01131809
2/28/2025 23:58:00;16522;-0,001916816
3/3/2025 23:58:00;16451,2;-0,004294403
3/4/2025 23:58:00;16379;-0,004398396
3/5/2025 23:58:00;16268,9;-0,006744717
3/6/2025 23:58:00;16322,1;0,003264708
3/7/2025 23:58:00;16292,6;-0,001809001
3/10/2025 23:58:00;16323;0,001864139
3/11/2025 23:58:00;16433,9;0,006771118
3/12/2025 23:58:00;16305,6;-0,007837667
3/13/2025 23:58:00;16259,3;-0,002843554
3/14/2025 23:58:00;16321;0,003787569
3/17/2025 23:58:00;16370;0,002997769
3/18/2025 23:58:00;16514,5;0,008788391
3/19/2025 23:58:00;16330,3;-0,011216505
3/20/2025 23:58:00;16428,5;0,005995354
3/21/2025 23:58:00;16519;0,005493602
3/24/2025 23:58:00;16575,8;0,003432567
3/25/2025 23:58:00;16621;0,002723156
3/26/2025 23:58:00;16629;0,000481203
3/27/2025 23:58:00;16560,9;-0,004103664
3/28/2025 23:58:00;16597;0,002177461
3/31/2025 23:58:00;16652;0,003308373
4/1/2025 23:58:00;16731,4;0,004756864
4/2/2025 23:58:00;16739;0,000454133
4/3/2025 23:58:00;16739,8;4,77914E-05
4/4/2025 23:58:00;16738;-0,000107534
4/7/2025 23:58:00;16855,7;0,007007295
4/8/2025 23:58:00;17051,9;0,011572756
4/9/2025 23:58:00;16805,5;-0,014555421
4/10/2025 23:58:00;16833,8;0,001682556
4/11/2025 23:58:00;16779,8;-0,003212988
4/14/2025 23:58:00;16780;1,1919E-05
4/15/2025 23:58:00;16813,5;0,001994434
4/16/2025 23:58:00;16794,6;-0,001124729
4/17/2025 23:58:00;16856,8;0,00369673
4/21/2025 23:58:00;16814,9;-0,002488738
4/22/2025 23:58:00;16858,1;0,002565855
4/23/2025 23:58:00;16846;-0,000718014
4/24/2025 23:58:00;16778,5;-0,004014935
4/25/2025 23:58:00;16789,7;0,000667298
4/28/2025 23:58:00;16795;0,00031562
4/29/2025 23:58:00;16711,9;-0,004960183
4/30/2025 23:58:00;16545,9;-0,009982704
5/1/2025 23:58:00;16606;0,003625739
5/2/2025 23:58:00;16453,2;-0,009244089
5/5/2025 23:58:00;16421,5;-0,001928535
5/6/2025 23:58:00;16432;0,000639201
5/7/2025 23:58:00;16492,6;0,003681142
5/8/2025 23:58:00;16538,3;0,002767108
5/9/2025 23:58:00;16536,8;-9,07027E-05
5/12/2025 23:58:00;16688,8;0,009149635
5/13/2025 23:58:00;16599,4;-0,005371286
5/14/2025 23:58:00;16558,2;-0,002485103
5/15/2025 23:58:00;16511,8;-0,002806171
5/16/2025 23:58:00;16485;-0,0016244
5/19/2025 23:58:00;16428;-0,00346368
5/20/2025 23:58:00;16403;-0,001522951
5/21/2025 23:58:00;16347,6;-0,003383147
5/22/2025 23:58:00;16356,9;0,000568729
5/23/2025 23:58:00;16232,6;-0,007628261
5/26/2025 23:58:00;16243,5;0,000671263
5/27/2025 23:58:00;16279;0,002183105
5/28/2025 23:58:00;16286;0,000429909
5/29/2025 23:58:00;16293;0,000429725
5/30/2025 23:58:00;16359,7;0,004085426
6/2/2025 23:58:00;16288,5;-0,004361656
6/3/2025 23:58:00;16332,4;0,002691528
6/4/2025 23:58:00;16291,5;-0,002507366
6/5/2025 23:58:00;16246,4;-0,002772154
6/6/2025 23:58:00;16305,3;0,003618863
6/9/2025 23:58:00;15550,5;-0,047397416
6/10/2025 23:58:00;15714,3;0,010478333
6/11/2025 23:58:00;16793,78;0,066437454
6/12/2025 23:58:00;16164,5;-0,0381911
6/13/2025 23:58:00;16282,6;0,007279573
6/16/2025 23:58:00;15801;-0,030023824
6/17/2025 23:58:00;15604,9;-0,012488262
6/18/2025 23:58:00;15598,5;-0,000410212
6/19/2025 23:58:00;14871;-0,047761748
6/20/2025 23:58:00;16410;0,098477897
6/23/2025 23:58:00;15943,3;-0,028852227
6/24/2025 23:58:00;14701;-0,08112316
6/25/2025 23:58:00;15560,7;0,056832986
6/26/2025 23:58:00;15488,3;-0,004663605
6/27/2025 23:58:00;16226;0,046529994
6/30/2025 23:58:00;16316,18;0,00554236
7/1/2025 23:58:00;16185;-0,008072366
7/2/2025 23:58:00;16235;0,003084518
7/3/2025 23:58:00;14728;-0,097418962
7/4/2025 23:58:00;16162,6;0,092949487
7/7/2025 23:58:00;16318,9;0,009624014
7/8/2025 23:58:00;16261;-0,003554342
7/9/2025 23:58:00;16235;-0,001600197
7/10/2025 23:58:00;16209,1;-0,001596593
7/11/2025 23:58:00;16209,9;4,93538E-05
7/14/2025 23:58:00;16256,2;0,002852208
7/15/2025 23:58:00;16252,1;-0,000252243
7/16/2025 23:58:00;16271,2;0,001174543
7/17/2025 23:58:00;16329,7;0,003588862
7/18/2025 23:58:00;16318,5;-0,000686102
7/21/2025 23:58:00;16329,5;0,000673854
7/22/2025 23:58:00;16245,3;-0,005169652
7/23/2025 23:58:00;16266,1;0,001279551
7/24/2025 23:58:00;16307;0,002511276
7/25/2025 23:58:00;16340,1;0,002027746
7/28/2025 23:58:00;16398,8;0,003585952
7/29/2025 23:58:00;16367,9;-0,001886062
7/30/2025 23:58:00;16426,8;0,003592048
7/31/2025 23:58:00;16483;0,003415399
8/1/2025 23:58:00;16358,2;-0,007600246
8/4/2025 23:58:00;16362;0,000232272
8/5/2025 23:58:00;16377,5;0,000946869
8/6/2025 23:58:00;16334,7;-0,002616762
8/7/2025 23:58:00;16300;-0,002126572
8/8/2025 23:58:00;16236,6;-0,003897155
8/11/2025 23:58:00;16298;0,003774448
8/12/2025 23:58:00;16248,2;-0,003060267
8/13/2025 23:58:00;16109;-0,008604011
8/14/2025 23:58:00;16169;0,003717707
8/15/2025 23:58:00;16182,7;0,000846942
8/18/2025 23:58:00;16205,4;0,00140175
8/19/2025 23:58:00;16275,2;0,004297957
8/20/2025 23:58:00;16263,6;-0,000712995
8/21/2025 23:58:00;16339,7;0,004668248
8/22/2025 23:58:00;16214,5;-0,007691826
8/25/2025 23:58:00;16267;0,003232612
8/26/2025 23:58:00;16299,2;0,001977511
8/27/2025 23:58:00;16314;0,000907608
8/28/2025 23:58:00;16344,3;0,001855578
8/29/2025 23:58:00;16409;0,003950752
9/1/2025 23:58:00;16405,2;-0,000231607
9/2/2025 23:58:00;16443,9;0,00235623
9/3/2025 23:58:00;16463;0,001160851
9/4/2025 23:58:00;16452,1;-0,00066231
9/5/2025 23:58:00;16346,2;-0,006457674
9/8/2025 23:58:00;16446,1;0,006092913
9/9/2025 23:58:00;16449,9;0,000231031
9/10/2025 23:58:00;16439;-0,000662838
9/11/2025 23:58:00;16413,6;-0,001546301
9/12/2025 23:58:00;16388,4;-0,001536492
9/15/2025 23:58:00;16364,6;-0,001453302
9/16/2025 23:58:00;16398,1;0,002045009
9/17/2025 23:58:00;16418,6;0,001249364
9/18/2025 23:58:00;16569,1;0,009124676
9/19/2025 23:58:00;16634;0,003909279
9/22/2025 23:58:00;16582;-0,003131024
9/23/2025 23:58:00;16633;0,003070904
9/24/2025 23:58:00;16695,1;0,003726589
9/25/2025 23:58:00;16759,1;0,003826131
9/26/2025 23:58:00;16671;-0,005270711
9/29/2025 23:58:00;16628;-0,002582662
9/30/2025 23:58:00;16683;0,003302215
10/1/2025 23:58:00;16644,1;-0,002334438
10/2/2025 23:58:00;16601,5;-0,002562747
10/3/2025 23:58:00;16552,3;-0,002967988
10/6/2025 23:58:00;16596,5;0,002666765
10/7/2025 23:58:00;16587;-0,000572574
10/8/2025 23:58:00;16556;-0,001870682
10/9/2025 23:58:00;16577,7;0,001309845
10/10/2025 23:58:00;16598,1;0,001229812
10/13/2025 23:58:00;16548;-0,003022982
10/14/2025 23:58:00;16585,9;0,002287688
10/15/2025 23:58:00;16575;-0,000657401
10/16/2025 23:58:00;16561,9;-0,000790659
10/17/2025 23:58:00;16565,4;0,000211306
10/20/2025 23:58:00;16542;-0,001413581
10/21/2025 23:58:00;16598,9;0,003433827
10/22/2025 23:58:00;16596,6;-0,000138573
10/23/2025 23:58:00;16593,8;-0,000168723
10/24/2025 23:58:00;16597,8;0,000241025
10/27/2025 23:58:00;16158,2;-0,026842496
10/28/2025 23:58:00;15833,9;-0,02027445
10/29/2025 23:58:00;16562;0,044957703
10/30/2025 23:58:00;15935;-0,038592967
10/31/2025 23:58:00;16630;0,042690345
11/3/2025 23:58:00;16640,9;0,000655227
11/4/2025 23:58:00;16707;0,003964273
11/5/2025 23:58:00;16669;-0,002277086
11/6/2025 23:58:00;16694,1;0,001504657
11/7/2025 23:58:00;16653;-0,002464983
11/10/2025 23:58:00;16690;0,002219357
11/11/2025 23:58:00;16694,9;0,000293546
11/12/2025 23:58:00;16729;0,002040457
11/13/2025 23:58:00;16719;-0,000597943
11/14/2025 23:58:00;16679,5;-0,002365377
11/17/2025 23:58:00;16738,9;0,003554932
11/18/2025 23:58:00;16727,7;-0,000669324
11/19/2025 23:58:00;16686,7;-0,002454033
11/20/2025 23:58:00;16731;0,002651291
11/21/2025 23:58:00;16639;-0,005513949
11/24/2025 23:58:00;16645;0,000360534
11/25/2025 23:58:00;16633,5;-0,000691137
11/26/2025 23:58:00;16614,7;-0,001130888
11/27/2025 23:58:00;16603,9;-0,000650238
11/28/2025 23:58:00;16635;0,001871302
12/1/2025 23:58:00;16609;-0,001564192
12/2/2025 23:58:00;16609,9;5,4186E-05
12/3/2025 23:58:00;16594;-0,000957719
12/4/2025 23:58:00;16654,4;0,003633262
12/5/2025 23:58:00;16683;0,001715791
12/8/2025 23:58:00;16686;0,000179808
12/9/2025 23:58:00;16662;-0,001439367
12/10/2025 23:58:00;16639;-0,00138134
12/11/2025 23:58:00;16649;0,000600817
12/12/2025 23:58:00;16623,1;-0,00155686
12/15/2025 23:58:00;16645,8;0,001364638
12/16/2025 23:58:00;16644,6;-7,20929E-05
12/17/2025 23:58:00;16657;0,000744709
12/18/2025 23:58:00;16685,2;0,00169155
12/19/2025 23:58:00;16678,5;-0,000401634
12/22/2025 23:58:00;16756,4;0,00465981
12/23/2025 23:58:00;16735;-0,00127794
12/24/2025 23:58:00;16697,3;-0,002255305
12/25/2025 23:58:00;16753,1;0,003336286
12/26/2025 23:58:00;16741,1;-0,000716542
12/29/2025 23:58:00;16770;0,001724802
12/30/2025 23:58:00;16709;-0,003644079
12/31/2025 23:58:00;16657,3;-0,003098938
1/1/2026 23:58:00;16668;0,000642155
1/2/2026 23:58:00;16683;0,000899523
1/5/2026 23:58:00;16727,2;0,0026459
1/6/2026 23:58:00;16742;0,000884395
1/7/2026 23:58:00;16753;0,000656814
1/8/2026 23:58:00;16805,7;0,003140768
1/9/2026 23:58:00;16826,7;0,001248796
1/12/2026 23:58:00;16859,4;0,001941454
1/13/2026 23:58:00;16840,8;-0,001103851
1/14/2026 23:58:00;16845,1;0,0002553
1/15/2026 23:58:00;16878,9;0,002004508
1/16/2026 23:58:00;16876,6;-0,000136274
1/19/2026 23:58:00;16939;0,003690609
1/20/2026 23:58:00;16960,1;0,001244871
1/21/2026 23:58:00;16897;-0,003727435
1/22/2026 23:58:00;16820;-0,004567437
1/23/2026 23:58:00;16770;-0,002977079
1/26/2026 23:58:00;16734;-0,002148998
1/27/2026 23:58:00;16674,7;-0,003549977
1/28/2026 23:58:00;16722,8;0,002880457
1/29/2026 23:58:00;16778,3;0,003313327
1/30/2026 23:58:00;16758,4;-0,00118676
2/2/2026 23:58:00;16758,4;0
2/3/2026 23:58:00;16759;3,58023E-05
2/4/2026 23:58:00;16800;0,002443459
2/5/2026 23:58:00;16879,9;0,004744679
2/6/2026 23:58:00;16843,5;-0,002158739
2/9/2026 23:58:00;16796;-0,002824063
2/10/2026 23:58:00;16778;-0,001072258
2/11/2026 23:58:00;16793,9;0,000947221
2/12/2026 23:58:00;16809;0,000898732
2/13/2026 23:58:00;16826,1;0,001016795
2/16/2026 23:58:00;16806,6;-0,001159586
2/17/2026 23:58:00;16840;0,001985342
2/18/2026 23:58:00;16915,3;0,004461529
2/19/2026 23:58:00;16887,2;-0,001662599
2/20/2026 23:58:00;16843,4;-0,00259705
2/23/2026 23:58:00;16804,3;-0,002324083
2/24/2026 23:58:00;16816,8;0,000743581
2/25/2026 23:58:00;16749,8;-0,003992069
2/26/2026 23:58:00;16749;-4,77629E-05
2/27/2026 23:58:00;16795;0,002742668
3/2/2026 23:58:00;16863;0,00404065
3/3/2026 23:58:00;16898,1;0,002079317
3/4/2026 23:58:00;16865;-0,001960721
3/5/2026 23:58:00;16913,1;0,002848001
3/6/2026 23:58:00;16923,7;0,000626537
3/9/2026 23:58:00;16886;-0,00223013
3/10/2026 23:58:00;16852;-0,002015532
3/11/2026 23:58:00;16884;0,001897084
3/12/2026 23:58:00;16908;0,001420455
3/13/2026 23:58:00;16952,1;0,002604837
3/16/2026 23:58:00;16953,1;5,8988E-05
3/17/2026 23:58:00;16971,3;0,001072974
3/18/2026 23:58:00;17041,7;0,0041396
3/19/2026 23:58:00;16915,9;-0,007409274
3/20/2026 23:58:00;16959,3;0,002562348
3/23/2026 23:58:00;16865,1;-0,005569958
3/24/2026 23:58:00;16797,3;-0,004028239
3/25/2026 23:58:00;16749,6;-0,002843782
3/26/2026 23:58:00;16925;0,010417441
3/27/2026 23:58:00;16971,5;0,002743648
3/30/2026 23:58:00;16975,4;0,000229771
3/31/2026 23:58:00;16936,4;-0,002300085
4/1/2026 23:58:00;16924,1;-0,00072651
4/2/2026 23:58:00;16959;0,002060025
4/3/2026 23:58:00;16974,8;0,000931225
4/6/2026 23:58:00;17015,3;0,002383048
4/7/2026 23:58:00;17027,4;0,000710872
4/8/2026 23:58:00;17005,5;-0,00128699
4/9/2026 23:58:00;17059;0,003141103
4/10/2026 23:58:00;17076,3;0,001013614
4/13/2026 23:58:00;17079,2;0,000169812
4/14/2026 23:58:00;17129;0,002911585
4/15/2026 23:58:00;17146,1;0,000997809
4/16/2026 23:58:00;17123;-0,001348153
4/17/2026 23:58:00;17101,9;-0,001233021
4/20/2026 23:58:00;17123,8;0,00127974
4/21/2026 23:58:00;17140,1;0,000951439
4/22/2026 23:58:00;17220,25;0,004665269
4/23/2026 23:58:00;17307,6557;0,005062913
